member_id,name,email,phone,join_date
1,ali khan,ali.khan@example.com,9876543210,10-01-2023
2,rita mehta,rita.mehta@example.com,9123456789,12-01-2023
3,sanjay patel,sanjay.patel@example.com,9967491763,15-01-2023
4,pooja sharma,pooja.sharma@example.com,9167821636,17-01-2023
5,ravi verma,ravi.verma@example.com,9876543210,19-01-2023
6,sneha reddy,sneha.reddy@example.com,9867453218,20-01-2023
7,arjun singh,arjun.singh@example.com,8878541897,21-01-2023
8,meena nair,meena.nair@example.com,9812761287,22-01-2023
9,dev raj,dev.raj@example.com,9812986537,23-01-2023
10,anita yadav,anita.yadav@example.com,8867453291,24-01-2023
11,mohit kumar,mohit.kumar@example.com,9967548728,25-01-2023
12,kiran bedi,kiran.bedi@example.com,8764891235,26-01-2023
13,vikram desai,vikram.desai@example.com,9786785673,27-01-2023
14,lata joshi,lata.joshi@example.com,8876091199,28-01-2023
15,imran sheikh,imran.sheikh@example.com,8899776655,29-01-2023
16,nisha chauhan,nisha.chauhan@example.com,9981234567,30-01-2023
17,aman kapoor,aman.kapoor@example.com,9876456723,01-02-2023
18,shruti rao,shruti.rao@example.com,9876345678,03-02-2023
19,harsh vardhan,harsh.vardhan@example.com,8899224455,05-02-2023
20,payal dixit,payal.dixit@example.com,7799875623,06-02-2023
21,tarun malhotra,tarun.malhotra@example.com,9834672186,08-02-2023
22,geeta das,geeta.das@example.com,7645893467,10-02-2023
23,rajiv sinha,rajiv.sinha@example.com,9712457892,11-02-2023
24,shalini gupta,shalini.gupta@example.com,9812345678,12-02-2023
25,farhan ansari,farhan.ansari@example.com,9764783567,14-02-2023
26,monika paul,monika.paul@example.com,9971927364,15-02-2023
27,devika iyer,devika.iyer@example.com,8872571235,16-02-2023
28,nikhil mehra,nikhil.mehra@example.com,7891235648,18-02-2023
29,tanya bhatt,tanya.bhatt@example.com,9817845346,19-02-2023
30,suraj dutta,suraj.dutta@example.com,8871647809,20-02-2023
31,pritam roy,pritam.roy@example.com,8976124563,21-02-2023
32,varsha jha,varsha.jha@example.com,7798123472,23-02-2023
33,sohail khan,sohail.khan@example.com,7891234671,25-02-2023
34,kavita rani,kavita.rani@example.com,9814572291,26-02-2023
35,yogesh raawat,yogesh.raawat@example.com,9723667188,27-02-2023
36,tanvi shah,tanvi.shah@example.com,8890114566,01-03-2023
37,ramesh bhatt,ramesh.bhatt@example.com,9812445572,03-03-2023
38,mitali vyas,mitali.vyas@example.com,9800778892,04-03-2023
39,kabir jain,kabir.jain@example.com,9745673456,06-03-2023
40,zoya mirza,zoya.mirza@example.com,8898557712,07-03-2023
41,aditya sharma,aditya.sharma@example.com,9987356721,08-03-2023
42,ayesha khan,ayesha.khan@example.com,8899658123,10-03-2023
43,neeraj mishra,neeraj.mishra@example.com,9786573210,11-03-2023
44,komal thakur,komal.thakur@example.com,8834990012,12-03-2023
45,manish pandey,manish.pandey@example.com,9812346123,13-03-2023
46,reena chaudhary,reena.chaudhary@example.com,8897562341,15-03-2023
47,akhil nair,akhil.nair@example.com,7854612345,16-03-2023
48,priya dey,priya.dey@example.com,8877996655,17-03-2023
49,nitin salve,nitin.salve@example.com,8723674510,18-03-2023
50,simran arora,simran.arora@example.com,9008778654,20-03-2023
